<code_scheme name="Default" version="173">
  <JavaCodeStyleSettings>
    <option name="REPLACE_INSTANCEOF_AND_CAST" value="true" />
    <option name="CLASS_COUNT_TO_USE_IMPORT_ON_DEMAND" value="8" />
  </JavaCodeStyleSettings>
  <codeStyleSettings language="JAVA">
    <option name="SPACE_WITHIN_ARRAY_INITIALIZER_BRACES" value="true" />
    <option name="SPACE_BEFORE_IF_PARENTHESES" value="false" />
    <option name="SPACE_BEFORE_WHILE_PARENTHESES" value="false" />
    <option name="SPACE_BEFORE_FOR_PARENTHESES" value="false" />
    <option name="SPACE_BEFORE_TRY_PARENTHESES" value="false" />
    <option name="SPACE_BEFORE_CATCH_PARENTHESES" value="false" />
    <option name="SPACE_BEFORE_SWITCH_PARENTHESES" value="false" />
    <option name="SPACE_BEFORE_SYNCHRONIZED_PARENTHESES" value="false" />
  </codeStyleSettings>
</code_scheme>